origin, n_sentences, n_pro_relations, n_cons_relations, avg_out_pro_deg, avg_out_cons_deg, max_out_pro_deg, max_out_cons_deg, avg_in_pro_deg, avg_in_cons_deg, max_in_pro_deg, max_in_cons_deg, avg_depth, max_depth, min_label_size, avg_label_size, max_label_size, min_descr_size, avg_descr_size, max_descr_size
"wd", 2567, 1275, 1466, 0.49668874172185434, 0.5710946630307766, 6, 7, 0.4721464744838327, 0.5707051032333463, 73, 59, 2.226723802103623, 7, 0, 62.89988313206079, 218, 0, 195.14920140241512, 51497
"am-tr", 119, 38, 61, 0.31932773109243706, 0.5126050420168068, 1, 1, 0.3193277310924368, 0.5126050420168066, 4, 5, 1.2436974789915958, 4, 15, 137.5546218487395, 298, 0, 0.0, 0
"am-fr", 75, 24, 40, 0.32000000000000006, 0.5333333333333333, 1, 1, 0.3199999999999999, 0.5333333333333333, 3, 4, 1.6133333333333337, 5, 23, 130.21333333333337, 293, 0, 0.0, 0
"am-en", 184, 92, 72, 0.5000000000000002, 0.39130434782608714, 1, 1, 0.5000000000000001, 0.39130434782608703, 4, 3, 1.9891304347826078, 7, 18, 109.10326086956518, 290, 0, 0.0, 0
"am-es", 67, 14, 44, 0.2089552238805971, 0.6567164179104478, 1, 1, 0.20895522388059704, 0.6567164179104481, 2, 4, 1.940298507462687, 6, 17, 116.47761194029849, 296, 0, 0.0, 0
"am-pl", 19, 12, 6, 0.6315789473684211, 0.31578947368421056, 1, 1, 0.631578947368421, 0.3157894736842105, 2, 2, 2.3684210526315788, 6, 26, 101.5263157894737, 258, 0, 0.0, 0
"am-ch", 717, 356, 341, 0.49651324965132526, 0.4755927475592743, 1, 1, 0.4965132496513251, 0.47559274755927516, 38, 33, 1.962343096234311, 10, 1, 110.45188284518822, 300, 0, 0.0, 0
"kl", 37572, 18710, 22755, 0.4979772170765445, 0.6056371766208891, 10, 12, 0.4789737038219943, 0.6052379431491558, 17, 18, 9.898035771319048, 30, 5, 174.1300702650908, 501, 0, 0.0, 0
